{
	"geode": "3.4.0",
	"version": "v1.6.4",
	"gd": {
		"win": "2.206",
		"android": "2.206",
		"mac": "2.206",
		"ios": "2.206"
	},
	"early-load": true,
	"id": "thesillydoggo.qolmod",
	"name": "QOLMod",
	"developer": "TheSillyDoggo",
	"description": "The Best Free Geode Mod Menu!",
	"links": {
		"source": "https://github.com/TheSillyDoggo/GeodeMenu",
		"community": "https://discord.gg/8CFcZNh4CW"
	},
	"resources": {
        "files": [
            "resources/fonts/*.ttf",
			"resources/*.png",
			"resources/*.glsl",
			"resources/*.hlsl"
        ],
		"sprites": [
			"resources/sprites/*.png"
		]
    },
	"settings": {
		"set-bind": { 
			"type": "custom"
		}
	},
	"tags": [
		"cheats",
		"gameplay",
		"utility",
		"customization",
		"universal"
	],
	"incompatibilities": [
        {
            "id": "TheSillyDoggo.Cheats",
            "version": "*",
            "importance": "superseded"
        }
    ]
}